,PDB_ID,CHAIN,SEQ_ID,CAMEO_TARGET_ID,SEQ_URL,PDB_URL,SUBMISSION_DATE,DIFFICULTY,QUATERNARY_STATE,MONOMERIC_MODEL_COUNT,REF_PDB,SEQ_LENGTH,METHOD,RESOLUTION,inference,relaxation,openfold_gdt,features,process_features_model_1_ptm_pred_0,predict_and_compile_model_1_ptm_pred_0,predict_benchmark_model_1_ptm_pred_0,relax_model_1_ptm_pred_0,process_features_model_2_ptm_pred_0,predict_and_compile_model_2_ptm_pred_0,predict_benchmark_model_2_ptm_pred_0,relax_model_2_ptm_pred_0,process_features_model_3_ptm_pred_0,predict_and_compile_model_3_ptm_pred_0,predict_benchmark_model_3_ptm_pred_0,relax_model_3_ptm_pred_0,process_features_model_4_ptm_pred_0,predict_and_compile_model_4_ptm_pred_0,predict_benchmark_model_4_ptm_pred_0,relax_model_4_ptm_pred_0,process_features_model_5_ptm_pred_0,predict_and_compile_model_5_ptm_pred_0,predict_benchmark_model_5_ptm_pred_0,relax_model_5_ptm_pred_0,alphafold2_gdt
0,7ELF,C,7ELF_C,2022-04-09_00000025_1,https://www.cameo3d.org/modeling/targets/6-months/target/2022-04-09/7ELF_C/fasta/,https://www.cameo3d.org/static/data/modeling/2022.04.09/7ELF_C/target.pdb,4/9/22,0,2,44,7elf [C],302,X-RAY DIFFRACTION,2.2,107.78120034900002,15.193587681999986,0.9507,213.5719268321991,5.8823840618133545,260.557843208313,152.4627377986908,26.275054693222046,5.35356068611145,232.17510676383972,135.54575061798096,14.12616753578186,4.328646898269653,210.99360871315002,149.50177264213562,14.303773164749146,4.467328071594238,208.44351935386658,149.61909914016724,13.556577920913696,4.451012849807739,195.54875564575195,132.34968328475952,13.588587284088135,0.9541
1,7EQB,A,7EQB_A,2022-04-09_00000027_1,https://www.cameo3d.org/modeling/targets/6-months/target/2022-04-09/7EQB_A/fasta/,https://www.cameo3d.org/static/data/modeling/2022.04.09/7EQB_A/target.pdb,4/9/22,1,2,59,7eqb [A],80,X-RAY DIFFRACTION,2.103,,,0.9081,226.26017379760742,2.872119426727295,122.88291430473328,21.887428045272827,17.788241386413574,1.6333708763122559,114.34319496154785,19.471271514892578,4.66692590713501,1.459479570388794,88.43167400360107,20.79243516921997,4.674383163452148,1.4931707382202148,87.06995248794556,21.907636642456055,4.769704580307007,1.6021130084991455,86.86855602264404,18.6485276222229,4.835345506668091,0.9154
2,7O0B,A,7O0B_A,2022-04-09_00000063_1,https://www.cameo3d.org/modeling/targets/6-months/target/2022-04-09/7O0B_A/fasta/,https://www.cameo3d.org/static/data/modeling/2022.04.09/7O0B_A/target.pdb,4/9/22,0,0,54,7o0b [A],106,X-RAY DIFFRACTION,2.13,23.097335837999992,8.561048575999962,0.9736,164.30186414718628,3.250760793685913,137.6715977191925,29.72136354446411,17.338130950927734,2.985625743865967,125.43555998802185,26.33793020248413,6.174391984939575,1.8074164390563965,96.68872857093811,30.938765048980713,6.563908338546753,1.8901772499084473,91.35100960731506,29.002824306488037,6.667292833328247,1.9285483360290527,92.06704902648926,26.131542921066284,7.081973552703857,0.9808
3,7RAW,A,7RAW_A,2022-04-09_00000143_1,https://www.cameo3d.org/modeling/targets/6-months/target/2022-04-09/7RAW_A/fasta/,https://www.cameo3d.org/static/data/modeling/2022.04.09/7RAW_A/target.pdb,4/9/22,1,0,55,7raw [A],251,X-RAY DIFFRACTION,2.1,,,0.7883,156.6312563419342,3.3773608207702637,218.70242595672607,105.1142954826355,26.811975240707397,1.8954036235809326,197.05171871185303,94.26724004745483,13.938016653060913,1.663447380065918,172.8079319000244,103.8896472454071,13.953351020812988,1.7071993350982666,169.38745284080505,103.08129668235779,12.926312923431396,1.7643163204193115,162.7789421081543,91.94883561134338,13.292242288589478,0.8245
4,7RPY,A,7RPY_A,2022-04-09_00000149_1,https://www.cameo3d.org/modeling/targets/6-months/target/2022-04-09/7RPY_A/fasta/,https://www.cameo3d.org/static/data/modeling/2022.04.09/7RPY_A/target.pdb,4/9/22,1,0,49,7rpy [A],256,X-RAY DIFFRACTION,1.67,77.67470803200001,14.021781239999996,0.8776,125.46015691757202,3.7092947959899902,210.84885096549988,114.5071759223938,26.19750475883484,2.2071096897125244,192.2416126728058,102.7349123954773,13.204282760620117,2.0007381439208984,177.03866982460022,115.90779304504395,13.124220132827759,2.093846559524536,174.3360617160797,116.18179416656494,12.545797348022461,2.0896384716033936,163.30718851089478,101.35717940330505,12.683722972869873,0.8475
5,7UGH,A,7UGH_A,2022-04-09_00000182_1,https://www.cameo3d.org/modeling/targets/6-months/target/2022-04-09/7UGH_A/fasta/,https://www.cameo3d.org/static/data/modeling/2022.04.09/7UGH_A/target.pdb,4/9/22,0,0,46,7ugh [A],477,X-RAY DIFFRACTION,1.95,279.633520229,26.293092799999954,0.961,166.34779810905457,9.005418300628662,448.831750869751,337.81134700775146,40.4116415977478,7.606594800949097,397.10708832740784,300.4980354309082,27.99116826057434,7.209604740142822,390.40300941467285,325.20358061790466,31.971466302871704,7.19152307510376,377.3821368217468,319.68611216545105,30.620606660842896,7.339276313781738,346.7577474117279,281.0497932434082,30.005808353424072,0.9398
6,7VNA,A,7VNA_A,2022-04-09_00000207_1,https://www.cameo3d.org/modeling/targets/6-months/target/2022-04-09/7VNA_A/fasta/,https://www.cameo3d.org/static/data/modeling/2022.04.09/7VNA_A/target.pdb,4/9/22,0,0,52,7vna [A],120,X-RAY DIFFRACTION,2.597,25.91776526000001,9.239945184000021,0.9561,155.48445010185242,3.9846177101135254,127.70574522018433,32.89586353302002,19.048998594284058,2.4079642295837402,117.2654218673706,30.045879125595093,6.9424521923065186,2.122687578201294,91.57992362976074,32.62939667701721,6.933927059173584,2.2290308475494385,89.61883044242859,33.14888334274292,5.817377090454102,2.24727463722229,89.91088104248047,29.365718841552734,5.907720565795898,0.9627
7,7W5S,A,7W5S_A,2022-04-09_00000210_1,https://www.cameo3d.org/modeling/targets/6-months/target/2022-04-09/7W5S_A/fasta/,https://www.cameo3d.org/static/data/modeling/2022.04.09/7W5S_A/target.pdb,4/9/22,1,0,42,7w5s [A],320,X-RAY DIFFRACTION,1.76,114.488943834,16.724909285999956,0.8816,123.42135882377625,4.434255361557007,257.0805811882019,160.0110058784485,29.734382152557373,2.7123916149139404,233.79125428199768,144.53096890449524,16.14650058746338,2.4567553997039795,217.82642316818237,157.40373849868774,18.353628396987915,2.543112277984619,214.90936970710754,157.65820622444153,16.343080520629883,2.6390371322631836,201.50712728500366,139.9613196849823,19.810724020004272,0.9056
8,7WME,A,7WME_A,2022-04-09_00000220_1,https://www.cameo3d.org/modeling/targets/6-months/target/2022-04-09/7WME_A/fasta/,https://www.cameo3d.org/static/data/modeling/2022.04.09/7WME_A/target.pdb,4/9/22,1,0,50,7wme [A],183,X-RAY DIFFRACTION,1.7,,,0.9526,153.70482444763184,4.026821613311768,175.73674821853638,64.68259072303772,22.778000116348267,2.516543388366699,159.71071600914001,56.11667823791504,10.842357158660889,2.261796236038208,131.2695517539978,64.15400052070618,9.899422645568848,2.4198148250579834,133.83519196510315,64.91053175926208,10.332570314407349,2.4836034774780273,131.00421118736267,58.32944107055664,10.282272577285767,0.9428
9,7X0D,A,7X0D_A,2022-04-09_00000240_1,https://www.cameo3d.org/modeling/targets/6-months/target/2022-04-09/7X0D_A/fasta/,https://www.cameo3d.org/static/data/modeling/2022.04.09/7X0D_A/target.pdb,4/9/22,0,2,44,7x0d [A],398,X-RAY DIFFRACTION,2.39725,,,0.9696,129.22818875312805,5.9642064571380615,374.19766211509705,267.69447660446167,34.274495124816895,4.673723936080933,338.74045038223267,242.47635316848755,22.094608306884766,4.442516565322876,326.3694405555725,260.9835274219513,22.95690941810608,4.468821048736572,323.5614523887634,261.353928565979,21.751405477523804,4.478885173797607,301.2163772583008,230.91534304618835,23.15208601951599,0.978
10,7Z79,B,7Z79_B,2022-04-09_00000253_1,https://www.cameo3d.org/modeling/targets/6-months/target/2022-04-09/7Z79_B/fasta/,https://www.cameo3d.org/static/data/modeling/2022.04.09/7Z79_B/target.pdb,4/9/22,0,2,51,7z79 [B],317,X-RAY DIFFRACTION,2.3,127.45233183800002,16.45659974199998,0.9632,133.69953441619873,6.535799264907837,267.0406665802002,159.43132758140564,28.40144395828247,4.91967248916626,239.18911623954773,142.25225496292114,17.077028512954712,5.574687242507935,220.36235785484314,156.47495865821838,15.398988962173462,4.460550785064697,216.82685232162476,156.34865593910217,14.896077156066895,4.706783771514893,203.84487628936768,138.26739501953125,15.204950094223022,0.9779
11,7F0O,B,7F0O_B,2022-04-16_00000050_1,https://www.cameo3d.org/modeling/targets/6-months/target/2022-04-16/7F0O_B/fasta/,https://www.cameo3d.org/static/data/modeling/2022.04.16/7F0O_B/target.pdb,4/16/22,1,2,68,7f0o [B],171,X-RAY DIFFRACTION,2.2,,,0.9195,121.05883240699768,3.0864579677581787,165.96095037460327,55.9773530960083,22.214950561523438,1.8740627765655518,151.3422613143921,50.6756637096405,9.829907417297363,1.6872706413269043,123.31719636917114,55.825268268585205,10.205641746520996,1.961042881011963,121.83442950248718,56.075836420059204,10.249995946884155,1.8211660385131836,119.47933053970337,50.64440298080444,8.530401706695557,0.9329
12,7PC3,A,7PC3_A,2022-04-16_00000118_1,https://www.cameo3d.org/modeling/targets/6-months/target/2022-04-16/7PC3_A/fasta/,https://www.cameo3d.org/static/data/modeling/2022.04.16/7PC3_A/target.pdb,4/16/22,0,1,52,7pc3 [A],417,X-RAY DIFFRACTION,1.95,,,0.7673,136.92732167243958,5.732783794403076,375.2285990715027,267.1997094154358,31.967189073562622,4.087112665176392,332.653018951416,235.27675867080688,20.165424346923828,3.8651161193847656,321.1257574558258,258.6895866394043,19.260741472244263,4.031902551651001,318.7605850696564,258.461710691452,20.50739097595215,3.953162431716919,292.2653441429138,228.69383835792542,21.40870213508606,0.7599
13,7PC7,B,7PC7_B,2022-04-16_00000121_1,https://www.cameo3d.org/modeling/targets/6-months/target/2022-04-16/7PC7_B/fasta/,https://www.cameo3d.org/static/data/modeling/2022.04.16/7PC7_B/target.pdb,4/16/22,0,1,62,7pc7 [B],414,X-RAY DIFFRACTION,2.1,,,0.8428,121.8426992893219,7.131951570510864,395.44045996665955,287.342707157135,45.62863826751709,5.643719673156738,350.3914089202881,253.9493486881256,30.356887817382812,5.267432928085327,345.052862405777,280.5174858570099,22.28484344482422,5.288511514663696,340.3213551044464,276.20813369750977,21.687109231948853,5.33778715133667,314.2187705039978,245.83254981040955,20.369288682937622,0.7964
14,7PC9,A,7PC9_A,2022-04-16_00000123_1,https://www.cameo3d.org/modeling/targets/6-months/target/2022-04-16/7PC9_A/fasta/,https://www.cameo3d.org/static/data/modeling/2022.04.16/7PC9_A/target.pdb,4/16/22,0,1,55,7pc9 [A],415,X-RAY DIFFRACTION,2.4,,,0.7721,135.29168939590454,5.664540767669678,380.930162191391,274.08110189437866,31.743958234786987,4.0858070850372314,340.1677043437958,244.1018464565277,19.922978162765503,4.766735792160034,328.259779214859,264.2521674633026,20.566060543060303,3.9911255836486816,327.8031048774719,264.720335483551,19.82338261604309,3.9774177074432373,300.57785058021545,234.3312909603119,20.5369131565094,0.7715
15,7T7Y,A,7T7Y_A,2022-04-16_00000197_1,https://www.cameo3d.org/modeling/targets/6-months/target/2022-04-16/7T7Y_A/fasta/,https://www.cameo3d.org/static/data/modeling/2022.04.16/7T7Y_A/target.pdb,4/16/22,1,0,65,7t7y [A],154,X-RAY DIFFRACTION,1.81,37.142539527999986,9.353988980999986,0.9659,133.07847118377686,3.5652878284454346,158.05590343475342,47.94349765777588,20.066010236740112,2.018294095993042,147.631530046463,44.0073983669281,11.077117204666138,1.6542489528656006,115.71469950675964,48.593775033950806,7.7568519115448,1.764336109161377,111.48514366149902,48.80793499946594,7.938045024871826,1.7844197750091553,113.40546250343323,43.685882568359375,6.629880905151367,0.9562
16,7ETS,B,7ETS_B,2022-04-23_00000021_1,https://www.cameo3d.org/modeling/targets/6-months/target/2022-04-23/7ETS_B/fasta/,https://www.cameo3d.org/static/data/modeling/2022.04.23/7ETS_B/target.pdb,4/23/22,1,2,59,7ets [B],226,X-RAY DIFFRACTION,2.22,65.72146465900005,14.221620837000046,0.7545,145.62702059745789,5.056774854660034,196.81584000587463,87.94535326957703,25.753257513046265,3.7817564010620117,178.05951714515686,81.27169418334961,13.023929119110107,3.574150800704956,153.50980138778687,85.66322040557861,12.724404573440552,3.663097620010376,150.90292620658875,90.8055727481842,13.313514232635498,3.6977639198303223,148.53371047973633,81.3428258895874,13.49507999420166,0.8164
17,7OD9,C,7OD9_C,2022-04-23_00000059_2,https://www.cameo3d.org/modeling/targets/6-months/target/2022-04-23/7OD9_C/fasta/,https://www.cameo3d.org/static/data/modeling/2022.04.23/7OD9_C/target.pdb,4/23/22,1,1,59,7od9 [C],115,X-RAY DIFFRACTION,2.3,,,0.8611,155.6873767375946,3.3671958446502686,143.1257519721985,32.52437090873718,18.689282655715942,2.5553224086761475,133.22630643844604,29.423535108566284,6.0599236488342285,1.6685450077056885,102.23970079421997,32.01681113243103,5.222010374069214,1.7152018547058105,99.53861689567566,32.046077728271484,6.689674615859985,1.8225395679473877,101.02395558357239,28.98883628845215,5.421743869781494,0.8056
18,7PXY,A,7PXY_A,2022-04-23_00000070_1,https://www.cameo3d.org/modeling/targets/6-months/target/2022-04-23/7PXY_A/fasta/,https://www.cameo3d.org/static/data/modeling/2022.04.23/7PXY_A/target.pdb,4/23/22,0,0,55,7pxy [A],447,X-RAY DIFFRACTION,1.4,269.36024897100003,20.350136712999984,0.5642,141.76402616500854,8.502787113189697,419.3369426727295,309.3645851612091,30.759313106536865,6.8232741355896,372.9136395454407,275.1361572742462,21.490630626678467,6.4646172523498535,365.1790192127228,298.66241216659546,18.702157974243164,6.682314872741699,361.4640278816223,299.1892499923706,20.791227102279663,6.62744927406311,329.04954981803894,265.45162749290466,21.04596185684204,0.5602
19,7RPR,A,7RPR_A,2022-04-23_00000103_1,https://www.cameo3d.org/modeling/targets/6-months/target/2022-04-23/7RPR_A/fasta/,https://www.cameo3d.org/static/data/modeling/2022.04.23/7RPR_A/target.pdb,4/23/22,1,0,60,7rpr [A],155,X-RAY DIFFRACTION,1.9,,,0.8983,156.08358311653137,2.8069841861724854,152.87634539604187,46.72337102890015,20.06481647491455,1.610269546508789,140.25621581077576,42.27992224693298,6.3315815925598145,1.3976457118988037,111.04655933380127,46.37043881416321,8.136561632156372,1.4628455638885498,107.89253973960876,46.30786609649658,8.566014766693115,1.5264008045196533,106.89264631271362,41.970144271850586,8.936482429504395,0.8983
20,7RPS,A,7RPS_A,2022-04-23_00000104_1,https://www.cameo3d.org/modeling/targets/6-months/target/2022-04-23/7RPS_A/fasta/,https://www.cameo3d.org/static/data/modeling/2022.04.23/7RPS_A/target.pdb,4/23/22,1,0,63,7rps [A],169,X-RAY DIFFRACTION,2.09,,,0.9172,124.69173169136047,3.0646297931671143,160.37715649604797,55.09422779083252,21.370704889297485,1.5840833187103271,146.69340991973877,48.82962250709534,8.586653232574463,1.3963987827301025,117.65485453605652,53.85918188095093,8.837758302688599,1.4656016826629639,114.68848085403442,52.96326756477356,8.881624937057495,1.5371310710906982,113.52754378318787,48.693660259246826,9.23276424407959,0.9286
21,7VGM,A,7VGM_A,2022-04-23_00000137_1,https://www.cameo3d.org/modeling/targets/6-months/target/2022-04-23/7VGM_A/fasta/,https://www.cameo3d.org/static/data/modeling/2022.04.23/7VGM_A/target.pdb,4/23/22,1,0,56,7vgm [A],592,X-RAY DIFFRACTION,2.27,,,0.9116,142.28338408470154,11.15656566619873,607.5643947124481,501.73078060150146,62.95306921005249,9.42920470237732,535.3210575580597,445.7954707145691,58.8032968044281,9.115706205368042,544.0688831806183,482.63906836509705,69.41260361671448,8.885955572128296,539.8363859653473,481.4695026874542,61.5031259059906,8.773772954940796,489.7557635307312,428.70647287368774,64.23773407936096,0.9264
22,7MLA,B,7MLA_B,2022-04-30_00000025_2,https://www.cameo3d.org/modeling/targets/6-months/target/2022-04-30/7MLA_B/fasta/,https://www.cameo3d.org/static/data/modeling/2022.04.30/7MLA_B/target.pdb,4/30/22,1,1,54,7mla [B],34,SOLUTION NMR,0.0,7.048097648000294,6.421724926000024,0.75,53.87537407875061,2.751850128173828,114.90378499031067,12.426065444946289,14.924941301345825,1.5746452808380127,107.46142792701721,9.058386325836182,2.7005481719970703,1.3416194915771484,76.19602608680725,10.805795192718506,2.688131093978882,1.4406673908233643,73.8797116279602,10.830328464508057,2.8184971809387207,1.4996356964111328,76.35736775398254,8.989268064498901,2.8174877166748047,0.7426
23,7OA7,A,7OA7_A,2022-04-30_00000059_1,https://www.cameo3d.org/modeling/targets/6-months/target/2022-04-30/7OA7_A/fasta/,https://www.cameo3d.org/static/data/modeling/2022.04.30/7OA7_A/target.pdb,4/30/22,2,0,62,7oa7 [A],373,X-RAY DIFFRACTION,1.45,,,0.8921,116.76842164993286,3.105870008468628,328.06399726867676,219.44764590263367,32.602577447891235,1.676431655883789,291.5234041213989,195.05568671226501,24.00088906288147,1.4118878841400146,276.6158609390259,211.89393854141235,18.426060914993286,1.4658334255218506,272.50892090797424,212.63172316551208,19.784624814987183,1.5057177543640137,251.4816701412201,188.45023918151855,19.324819087982178,0.9179
24,7Q4L,A,7Q4L_A,2022-04-30_00000098_1,https://www.cameo3d.org/modeling/targets/6-months/target/2022-04-30/7Q4L_A/fasta/,https://www.cameo3d.org/static/data/modeling/2022.04.30/7Q4L_A/target.pdb,4/30/22,1,0,63,7q4l [A],227,SOLUTION NMR,0.0,,,0.5485,157.85929131507874,4.086756706237793,200.12656927108765,89.62083768844604,26.02834153175354,2.8014461994171143,182.13450932502747,80.85606455802917,9.55553674697876,2.5619125366210938,157.90406250953674,89.34518671035767,11.494434118270874,2.750277280807495,152.48642992973328,89.53576445579529,12.534791469573975,2.715477466583252,147.3512613773346,79.18822479248047,12.199955463409424,0.5022
25,7QAO,A,7QAO_A,2022-04-30_00000102_1,https://www.cameo3d.org/modeling/targets/6-months/target/2022-04-30/7QAO_A/fasta/,https://www.cameo3d.org/static/data/modeling/2022.04.30/7QAO_A/target.pdb,4/30/22,1,0,54,7qao [A],35,SOLUTION NMR,0.0,,,0.6071,152.56409668922424,3.383296012878418,119.95952558517456,12.48308539390564,15.19993281364441,1.637195110321045,115.59585690498352,12.756464004516602,2.7607262134552,1.4688513278961182,85.10351967811584,14.656853437423706,2.8462021350860596,1.5984785556793213,78.65177583694458,12.950855493545532,4.559739589691162,1.6692414283752441,79.9096291065216,9.705845594406128,2.8954458236694336,0.5643
26,7QAP,A,7QAP_A,2022-04-30_00000103_1,https://www.cameo3d.org/modeling/targets/6-months/target/2022-04-30/7QAP_A/fasta/,https://www.cameo3d.org/static/data/modeling/2022.04.30/7QAP_A/target.pdb,4/30/22,1,0,53,7qap [A],35,SOLUTION NMR,0.0,,,0.5786,164.09167194366455,3.27054762840271,120.23539090156555,12.862430334091187,15.258707523345947,1.6557831764221191,110.99021196365356,9.362250566482544,4.080460548400879,1.4389874935150146,83.32465553283691,15.43082046508789,2.788508176803589,1.5325896739959717,79.05189538002014,13.413422107696533,2.712693214416504,1.5911295413970947,78.04875683784485,9.865821123123169,2.7949328422546387,0.55
27,7QRY,B,7QRY_B,2022-04-30_00000118_1,https://www.cameo3d.org/modeling/targets/6-months/target/2022-04-30/7QRY_B/fasta/,https://www.cameo3d.org/static/data/modeling/2022.04.30/7QRY_B/target.pdb,4/30/22,0,0,56,7qry [B],188,X-RAY DIFFRACTION,2.07,,,0.9563,204.7998068332672,6.576306104660034,162.82102251052856,65.53885436058044,24.306255102157593,3.2786543369293213,149.61774396896362,59.28731298446655,12.075979471206665,3.039130926132202,128.8961935043335,66.57728981971741,9.470905542373657,3.213114023208618,123.74739718437195,63.15458297729492,12.666694641113281,3.292874813079834,121.32613754272461,58.44419074058533,9.769404649734497,0.9623
28,7QS5,A,7QS5_A,2022-04-30_00000125_1,https://www.cameo3d.org/modeling/targets/6-months/target/2022-04-30/7QS5_A/fasta/,https://www.cameo3d.org/static/data/modeling/2022.04.30/7QS5_A/target.pdb,4/30/22,0,0,46,7qs5 [A],180,X-RAY DIFFRACTION,1.65,,,0.9954,190.29349160194397,3.447201728820801,162.92017912864685,61.8311710357666,21.100826025009155,2.1415281295776367,146.01031947135925,55.698331356048584,11.477260828018188,1.958451509475708,121.20401263237,62.03209948539734,12.414897918701172,1.9951627254486084,122.19297504425049,61.8659291267395,8.633860349655151,2.085524082183838,119.27347350120544,55.48031759262085,9.140732288360596,0.997
29,7YWG,B,7YWG_B,2022-04-30_00000303_1,https://www.cameo3d.org/modeling/targets/6-months/target/2022-04-30/7YWG_B/fasta/,https://www.cameo3d.org/static/data/modeling/2022.04.30/7YWG_B/target.pdb,4/30/22,0,2,50,7ywg [B],170,X-RAY DIFFRACTION,1.1,,,0.9713,212.95521473884583,3.853245973587036,173.3136122226715,57.709676027297974,22.98862624168396,2.6287121772766113,159.11986017227173,52.33848524093628,9.923237800598145,2.431248664855957,131.39332485198975,58.016990423202515,9.04539942741394,3.932483196258545,127.07940077781677,57.87135887145996,10.564761638641357,2.504565954208374,128.5749168395996,52.01102948188782,9.09736180305481,0.9628
30,7EQH,A,7EQH_A,2022-05-07_00000007_1,https://www.cameo3d.org/modeling/targets/6-months/target/2022-05-07/7EQH_A/fasta/,https://www.cameo3d.org/static/data/modeling/2022.05.07/7EQH_A/target.pdb,5/7/22,0,0,59,7eqh [A],236,X-RAY DIFFRACTION,2.2,,,0.9965,145.7987732887268,4.0391645431518555,195.69892024993896,95.0068109035492,27.217016458511353,2.42864990234375,176.61174654960632,84.44553637504578,12.691589593887329,2.039935827255249,156.1961190700531,93.7515549659729,14.511635780334473,2.154280185699463,154.18784260749817,94.21923995018005,13.267718076705933,2.162425994873047,147.70561122894287,83.6747715473175,14.03515338897705,0.9929
31,7ERN,C,7ERN_C,2022-05-07_00000011_1,https://www.cameo3d.org/modeling/targets/6-months/target/2022-05-07/7ERN_C/fasta/,https://www.cameo3d.org/static/data/modeling/2022.05.07/7ERN_C/target.pdb,5/7/22,0,2,54,7ern [C],284,X-RAY DIFFRACTION,2.05,98.717579849,16.167426420000027,0.9842,177.1377251148224,5.493448495864868,235.9523787498474,140.38402390480042,27.618486881256104,4.32628321647644,210.31972312927246,122.68639731407166,13.77022385597229,3.8930552005767822,197.48940515518188,137.43169856071472,15.074850797653198,3.9908533096313477,194.38650608062744,136.15881276130676,16.975716829299927,3.945788621902466,181.3783197402954,119.54974341392517,15.43874740600586,0.9798
32,7F9H,A,7F9H_A,2022-05-07_00000025_1,https://www.cameo3d.org/modeling/targets/6-months/target/2022-05-07/7F9H_A/fasta/,https://www.cameo3d.org/static/data/modeling/2022.05.07/7F9H_A/target.pdb,5/7/22,1,0,59,7f9h [A],90,X-RAY DIFFRACTION,1.78,20.709494903999996,8.1285034,0.8947,155.98132395744324,3.120115280151367,134.17515182495117,25.963037967681885,18.28419256210327,1.889096975326538,124.191077709198,22.395885229110718,6.234337568283081,1.6522533893585205,92.77665877342224,24.828714609146118,4.838247060775757,1.7589013576507568,90.79700040817261,26.462957620620728,4.87105917930603,1.8093054294586182,91.55510687828064,22.78909420967102,4.980013608932495,0.8322
33,7MKU,A,7MKU_A,2022-05-07_00000039_1,https://www.cameo3d.org/modeling/targets/6-months/target/2022-05-07/7MKU_A/fasta/,https://www.cameo3d.org/static/data/modeling/2022.05.07/7MKU_A/target.pdb,5/7/22,0,2,62,7mku [A],329,X-RAY DIFFRACTION,2.648,,,0.9065,206.66087937355042,5.923685312271118,286.99220752716064,179.7713668346405,30.97613286972046,4.773054599761963,257.235981464386,159.11587524414062,19.993661165237427,4.216938495635986,237.69354391098022,175.5412142276764,19.663705587387085,4.5174760818481445,237.57359886169434,175.2937617301941,18.549456119537354,4.511305570602417,218.72641825675964,153.92607235908508,19.848650693893433,0.9495
34,7OPB,D,7OPB_D,2022-05-07_00000054_2,https://www.cameo3d.org/modeling/targets/6-months/target/2022-05-07/7OPB_D/fasta/,https://www.cameo3d.org/static/data/modeling/2022.05.07/7OPB_D/target.pdb,5/7/22,1,1,61,7opb [D],55,X-RAY DIFFRACTION,2.144,10.828364766999982,7.106284931000005,1.0,160.50447916984558,2.7988126277923584,125.19596695899963,17.393943786621094,16.838918685913086,1.661515712738037,116.29490923881531,15.376033306121826,3.474903106689453,1.4216954708099365,87.01222729682922,18.870659351348877,4.645107269287109,1.5074021816253662,83.38929009437561,17.574018716812134,3.507005214691162,1.5789642333984375,83.71359610557556,13.875569105148315,3.5941429138183594,1.0
35,7POI,C,7POI_C,2022-05-07_00000069_2,https://www.cameo3d.org/modeling/targets/6-months/target/2022-05-07/7POI_C/fasta/,https://www.cameo3d.org/static/data/modeling/2022.05.07/7POI_C/target.pdb,5/7/22,0,1,62,7poi [C],295,X-RAY DIFFRACTION,2.9,,,0.8671,175.24223732948303,3.9237823486328125,254.28485822677612,143.42276573181152,29.271150588989258,2.6501119136810303,230.41718435287476,128.38506245613098,15.170337438583374,3.627139091491699,209.5755660533905,140.90689277648926,16.316123008728027,2.5322248935699463,204.15266251564026,140.86291360855103,15.621962785720825,2.5443849563598633,194.8304944038391,124.38895678520203,15.96405291557312,0.8829
36,7PRQ,B,7PRQ_B,2022-05-07_00000074_1,https://www.cameo3d.org/modeling/targets/6-months/target/2022-05-07/7PRQ_B/fasta/,https://www.cameo3d.org/static/data/modeling/2022.05.07/7PRQ_B/target.pdb,5/7/22,1,2,61,7prq [B],350,X-RAY DIFFRACTION,2.0,,,0.8315,126.51177501678467,4.700146436691284,309.7874822616577,199.8993489742279,31.942025899887085,3.2870032787323,271.49170780181885,167.07498335838318,20.185195207595825,3.0984981060028076,252.50785183906555,185.66122913360596,18.859122037887573,3.0691094398498535,256.78116154670715,195.14391255378723,19.823037147521973,3.0803894996643066,233.08831882476807,171.17880511283875,20.75078845024109,0.8742
37,7PSG,C,7PSG_C,2022-05-07_00000076_1,https://www.cameo3d.org/modeling/targets/6-months/target/2022-05-07/7PSG_C/fasta/,https://www.cameo3d.org/static/data/modeling/2022.05.07/7PSG_C/target.pdb,5/7/22,1,2,59,7psg [C],301,X-RAY DIFFRACTION,1.91,103.61859205799999,16.844393363999984,0.912,129.2292709350586,4.823187828063965,247.59949207305908,139.34847331047058,28.816375255584717,3.2982826232910156,220.9445412158966,122.75764751434326,16.485840559005737,2.971581220626831,200.93208265304565,135.8061716556549,16.274429321289062,3.077336072921753,197.9888243675232,135.49900126457214,15.538345575332642,3.1170904636383057,188.22104263305664,119.52005863189697,15.980617761611938,0.9259
38,7SO5,H,7SO5_H,2022-05-07_00000112_1,https://www.cameo3d.org/modeling/targets/6-months/target/2022-05-07/7SO5_H/fasta/,https://www.cameo3d.org/static/data/modeling/2022.05.07/7SO5_H/target.pdb,5/7/22,0,1,57,7so5 [H],215,X-RAY DIFFRACTION,1.797,57.969960524000044,11.79193442799999,0.9198,137.33079624176025,5.077720880508423,195.75235509872437,82.91247296333313,23.28767156600952,3.8523714542388916,177.74803233146667,74.8703281879425,10.874996185302734,3.566206216812134,151.64806509017944,82.32910227775574,10.495376586914062,3.7586441040039062,150.7991065979004,82.8644552230835,10.935656785964966,3.7538535594940186,146.90842652320862,74.00351214408875,11.556706666946411,0.9302
39,7TZE,C,7TZE_C,2022-05-07_00000140_1,https://www.cameo3d.org/modeling/targets/6-months/target/2022-05-07/7TZE_C/fasta/,https://www.cameo3d.org/static/data/modeling/2022.05.07/7TZE_C/target.pdb,5/7/22,1,2,60,7tze [C],232,X-RAY DIFFRACTION,2.12,67.37481418799996,13.841776477999986,0.8697,137.5253312587738,3.779677391052246,192.08410048484802,87.90844464302063,25.324129819869995,2.1381304264068604,172.34028840065002,78.08922171592712,13.091661930084229,1.8901684284210205,151.90538573265076,86.63218998908997,12.510907649993896,2.025916814804077,150.20143866539001,86.207111120224,13.18959355354309,1.9590208530426025,143.59354329109192,77.48865246772766,12.479708433151245,0.8427
40,7TZG,D,7TZG_D,2022-05-07_00000141_2,https://www.cameo3d.org/modeling/targets/6-months/target/2022-05-07/7TZG_D/fasta/,https://www.cameo3d.org/static/data/modeling/2022.05.07/7TZG_D/target.pdb,5/7/22,1,1,66,7tzg [D],408,X-RAY DIFFRACTION,3.71,184.72678845999997,20.01387060999997,0.4095,134.35884022712708,4.754839897155762,356.89446234703064,253.22462844848633,34.8434522151947,2.9245002269744873,318.7802245616913,228.51106905937195,25.946869134902954,2.6316328048706055,309.96681785583496,248.1374261379242,24.660131692886353,2.8179163932800293,309.0833978652954,248.34052729606628,21.11207413673401,2.8839941024780273,287.0494079589844,220.54879021644592,20.927767515182495,0.4283
41,7Z5P,A,7Z5P_A,2022-05-07_00000180_1,https://www.cameo3d.org/modeling/targets/6-months/target/2022-05-07/7Z5P_A/fasta/,https://www.cameo3d.org/static/data/modeling/2022.05.07/7Z5P_A/target.pdb,5/7/22,0,2,56,7z5p [A],515,X-RAY DIFFRACTION,2.991,,,0.9728,151.4892656803131,8.826154947280884,502.7396454811096,394.75763297080994,50.567662954330444,7.624662399291992,445.71149015426636,351.4463310241699,44.111483573913574,6.963566303253174,441.74224948883057,379.3954665660858,38.69292068481445,7.0063512325286865,429.2577631473541,376.8957076072693,39.15861749649048,7.26179313659668,398.9717175960541,324.12631702423096,38.80060625076294,0.9733
42,7MQ4,A,7MQ4_A,2022-05-14_00000050_1,https://www.cameo3d.org/modeling/targets/6-months/target/2022-05-14/7MQ4_A/fasta/,https://www.cameo3d.org/static/data/modeling/2022.05.14/7MQ4_A/target.pdb,5/14/22,2,0,50,7mq4 [A],95,SOLUTION NMR,0.0,20.401727884000138,8.125888603000021,0.6158,174.92414093017578,3.3678746223449707,139.75986099243164,26.66237235069275,18.28658127784729,1.8775432109832764,129.06466960906982,24.314738988876343,4.467332363128662,1.6163411140441895,100.11284232139587,28.774040937423706,5.8606956005096436,1.724576473236084,96.76275110244751,27.67167830467224,6.145538806915283,1.7822694778442383,95.27253842353821,24.077932357788086,6.6439995765686035,0.6079
43,7MS2,A,7MS2_A,2022-05-14_00000056_1,https://www.cameo3d.org/modeling/targets/6-months/target/2022-05-14/7MS2_A/fasta/,https://www.cameo3d.org/static/data/modeling/2022.05.14/7MS2_A/target.pdb,5/14/22,0,2,49,7ms2 [A],755,X-RAY DIFFRACTION,2.04,,,0.9463,206.4664604663849,16.736000776290894,958.87930560112,841.6226103305817,76.87232542037964,15.215811014175415,859.2156903743744,746.2759008407593,63.37990760803223,14.743834257125854,864.3657989501953,801.9887964725494,72.48493003845215,14.902032375335693,853.7758197784424,797.5057671070099,72.76313257217407,14.866733074188232,782.2995290756226,708.0531957149506,61.14207124710083,0.943
44,7RKC,A,7RKC_A,2022-05-14_00000113_1,https://www.cameo3d.org/modeling/targets/6-months/target/2022-05-14/7RKC_A/fasta/,https://www.cameo3d.org/static/data/modeling/2022.05.14/7RKC_A/target.pdb,5/14/22,1,2,53,7rkc [A],233,X-RAY DIFFRACTION,2.35,64.230271657,12.544326054999999,0.8159,128.04939460754395,2.8806204795837402,203.1251916885376,92.65498948097229,23.500556707382202,1.67856764793396,182.84707832336426,83.16746187210083,12.267560243606567,1.4131450653076172,158.51964497566223,92.04242825508118,10.414258480072021,1.5231013298034668,155.63306403160095,91.75573635101318,13.47402548789978,1.5754711627960205,148.4458773136139,81.78662705421448,11.437238454818726,0.8784
45,7SXB,A,7SXB_A,2022-05-14_00000135_1,https://www.cameo3d.org/modeling/targets/6-months/target/2022-05-14/7SXB_A/fasta/,https://www.cameo3d.org/static/data/modeling/2022.05.14/7SXB_A/target.pdb,5/14/22,2,0,49,7sxb [A],90,SOLUTION NMR,0.0,18.37231570899985,8.100456248000228,0.7333,125.58746075630188,3.0668954849243164,131.87838912010193,25.632616758346558,17.909152269363403,1.600212574005127,123.2039794921875,22.154354333877563,5.779295921325684,1.3473482131958008,91.00762271881104,24.598971843719482,4.6831889152526855,1.7139692306518555,89.03309559822083,24.153165340423584,6.167644023895264,1.5640573501586914,89.8391923904419,21.943172216415405,6.512109994888306,0.75
46,7WCJ,A,7WCJ_A,2022-05-14_00000196_1,https://www.cameo3d.org/modeling/targets/6-months/target/2022-05-14/7WCJ_A/fasta/,https://www.cameo3d.org/static/data/modeling/2022.05.14/7WCJ_A/target.pdb,5/14/22,0,0,41,7wcj [A],443,X-RAY DIFFRACTION,2.24,,,0.791,87.09980821609497,8.227359533309937,398.2469394207001,285.133118391037,32.702271938323975,7.256255388259888,355.49470829963684,255.63897562026978,20.914477348327637,7.1699371337890625,344.80315232276917,276.2864408493042,20.177531957626343,6.383589267730713,340.4905688762665,277.52273893356323,21.499563217163086,6.331743478775024,319.17947149276733,255.9050841331482,20.130504846572876,0.9688
47,7X8J,A,7X8J_A,2022-05-14_00000213_1,https://www.cameo3d.org/modeling/targets/6-months/target/2022-05-14/7X8J_A/fasta/,https://www.cameo3d.org/static/data/modeling/2022.05.14/7X8J_A/target.pdb,5/14/22,0,0,49,7x8j [A],376,X-RAY DIFFRACTION,2.798,,,0.9405,148.31513714790344,7.4898681640625,316.84262585639954,222.4595983028412,33.42686676979065,5.804361343383789,280.8038852214813,195.9087142944336,20.176515579223633,5.524104595184326,275.5103418827057,215.41957902908325,22.790234327316284,5.674566268920898,266.46750473976135,209.46914076805115,20.53839612007141,5.499938488006592,249.13812232017517,186.69882583618164,19.91080379486084,0.9335
48,7ZCL,B,7ZCL_B,2022-05-14_00000228_2,https://www.cameo3d.org/modeling/targets/6-months/target/2022-05-14/7ZCL_B/fasta/,https://www.cameo3d.org/static/data/modeling/2022.05.14/7ZCL_B/target.pdb,5/14/22,0,1,51,7zcl [B],227,X-RAY DIFFRACTION,1.95,65.034048789,12.528134982999973,0.9548,144.36303043365479,4.103079795837402,201.30218315124512,88.94656586647034,24.07008123397827,2.5982065200805664,178.5199203491211,79.92027878761292,12.481791019439697,2.3404998779296875,157.97178626060486,88.62186622619629,10.893046855926514,2.6147658824920654,150.42803525924683,88.29245662689209,12.300994157791138,2.641113519668579,144.26316857337952,78.39164352416992,11.204116582870483,0.9515
49,7ZGF,A,7ZGF_A,2022-05-14_00000230_1,https://www.cameo3d.org/modeling/targets/6-months/target/2022-05-14/7ZGF_A/fasta/,https://www.cameo3d.org/static/data/modeling/2022.05.14/7ZGF_A/target.pdb,5/14/22,0,0,45,7zgf [A],417,X-RAY DIFFRACTION,2.05,,,0.9685,127.44780397415161,4.231040000915527,371.47841000556946,265.9916708469391,31.750866413116455,2.896641731262207,331.6486351490021,236.854261636734,19.883113861083984,2.672252655029297,319.529513835907,249.7625527381897,21.731406450271606,2.802457094192505,311.03196024894714,249.83579397201538,21.72898530960083,2.7469050884246826,292.590749502182,224.2801718711853,20.887545347213745,0.9794
50,7EUS,B,7EUS_B,2022-05-21_00000003_1,https://www.cameo3d.org/modeling/targets/6-months/target/2022-05-21/7EUS_B/fasta/,https://www.cameo3d.org/static/data/modeling/2022.05.21/7EUS_B/target.pdb,5/21/22,1,0,55,7eus [B],333,X-RAY DIFFRACTION,2.3,,,0.939,130.00211238861084,5.0782411098480225,293.06744503974915,187.4496831893921,31.155898332595825,3.5604918003082275,263.2771451473236,167.4583249092102,22.980479955673218,3.328693389892578,246.43886303901672,185.1314115524292,20.11978530883789,3.4566609859466553,245.31606030464172,185.3525378704071,20.481931686401367,3.593006134033203,228.95771384239197,162.3903079032898,20.068238496780396,0.9416
51,7QRE,D,7QRE_D,2022-05-21_00000081_1,https://www.cameo3d.org/modeling/targets/6-months/target/2022-05-21/7QRE_D/fasta/,https://www.cameo3d.org/static/data/modeling/2022.05.21/7QRE_D/target.pdb,5/21/22,1,1,56,7qre [D],127,X-RAY DIFFRACTION,2.7,28.940114815000015,8.540416198000003,0.9656,170.46882033348083,2.8749048709869385,144.80391144752502,35.32986116409302,18.156497716903687,1.6731317043304443,133.2490622997284,31.94284224510193,7.958041191101074,1.496166467666626,103.36520004272461,36.22783946990967,8.02603006362915,1.5436642169952393,100.51604652404785,35.43386626243591,6.342321395874023,1.5775723457336426,102.16797971725464,31.441670179367065,5.98555850982666,0.95
52,7R1K,A,7R1K_A,2022-05-21_00000091_1,https://www.cameo3d.org/modeling/targets/6-months/target/2022-05-21/7R1K_A/fasta/,https://www.cameo3d.org/static/data/modeling/2022.05.21/7R1K_A/target.pdb,5/21/22,0,0,54,7r1k [A],190,X-RAY DIFFRACTION,1.5,49.597226315,12.676834551000013,0.9959,119.99598693847656,4.080669164657593,175.35514569282532,66.78958535194397,23.539246320724487,3.960402727127075,159.7369155883789,60.2177574634552,11.595124959945679,2.347297191619873,132.66763973236084,65.96687889099121,11.055862665176392,2.3563485145568848,128.81047677993774,66.46577143669128,11.093295335769653,2.4218037128448486,126.28278923034668,59.43549156188965,11.261635541915894,0.9945
53,7TVY,B,7TVY_B,2022-05-21_00000139_1,https://www.cameo3d.org/modeling/targets/6-months/target/2022-05-21/7TVY_B/fasta/,https://www.cameo3d.org/static/data/modeling/2022.05.21/7TVY_B/target.pdb,5/21/22,1,0,54,7tvy [B],143,X-RAY DIFFRACTION,1.98,33.35109619299999,9.622445346000006,0.9371,127.4429578781128,3.139946937561035,147.60809922218323,41.990556955337524,20.032355546951294,1.6652445793151855,136.68986344337463,37.96724891662598,7.463522434234619,1.429607629776001,106.39706587791443,41.69453692436218,7.864267110824585,1.5186660289764404,106.22406244277954,42.23637270927429,7.790207386016846,1.5634074211120605,105.4083194732666,37.702497720718384,6.5600266456604,0.9496
54,8CU5,A,8CU5_A,2022-05-21_00000199_1,https://www.cameo3d.org/modeling/targets/6-months/target/2022-05-21/8CU5_A/fasta/,https://www.cameo3d.org/static/data/modeling/2022.05.21/8CU5_A/target.pdb,5/21/22,0,0,46,8cu5 [A],194,X-RAY DIFFRACTION,1.85,56.154521569999986,12.231882030999998,0.9877,173.46729803085327,4.831709861755371,184.47644805908203,71.97128438949585,24.125524759292603,3.4938747882843018,165.19517612457275,64.37778949737549,11.892749786376953,3.238373279571533,138.57427287101746,71.80216979980469,12.428252220153809,3.380446672439575,135.50723719596863,71.59477972984314,9.553411960601807,3.4331729412078857,132.26585817337036,63.758208990097046,12.774209022521973,1.0
55,7EXX,A,7EXX_A,2022-05-28_00000019_1,https://www.cameo3d.org/modeling/targets/6-months/target/2022-05-28/7EXX_A/fasta/,https://www.cameo3d.org/static/data/modeling/2022.05.28/7EXX_A/target.pdb,5/28/22,1,0,40,7exx [A],444,X-RAY DIFFRACTION,2.5,,,0.8847,119.44782400131226,3.602952480316162,389.7585220336914,297.70504903793335,36.93646597862244,2.9143564701080322,345.06563997268677,265.59590458869934,20.66617727279663,1.9293415546417236,343.6704993247986,275.968501329422,22.085911750793457,2.2903997898101807,342.7854928970337,287.00971722602844,20.985527276992798,2.1122703552246094,312.729966878891,256.48871898651123,22.620362520217896,0.896
56,7FAU,B,7FAU_B,2022-05-28_00000028_2,https://www.cameo3d.org/modeling/targets/6-months/target/2022-05-28/7FAU_B/fasta/,https://www.cameo3d.org/static/data/modeling/2022.05.28/7FAU_B/target.pdb,5/28/22,0,1,50,7fau [B],127,X-RAY DIFFRACTION,2.08,,,0.9444,130.20539546012878,4.492069482803345,137.97789692878723,34.6877646446228,18.560959339141846,3.6896047592163086,130.76725029945374,32.69404578208923,7.000294208526611,2.567451238632202,102.0638735294342,36.954430103302,7.203366279602051,2.7309534549713135,98.42849946022034,35.7148232460022,5.876415967941284,2.7167298793792725,97.17367839813232,30.515350818634033,5.7247536182403564,0.9504
57,7QII,B,7QII_B,2022-05-28_00000126_2,https://www.cameo3d.org/modeling/targets/6-months/target/2022-05-28/7QII_B/fasta/,https://www.cameo3d.org/static/data/modeling/2022.05.28/7QII_B/target.pdb,5/28/22,1,1,57,7qii [B],95,X-RAY DIFFRACTION,3.29,20.169945675000008,8.81178199499999,0.7039,191.49844670295715,3.8708152770996094,142.28507232666016,26.54731273651123,19.750205993652344,1.8087618350982666,131.69727230072021,24.21231436729431,7.1054675579071045,1.5949912071228027,99.13470435142517,27.58380389213562,7.272348403930664,1.7077670097351074,95.94171786308289,26.571259260177612,7.494001150131226,1.8169794082641602,97.07788729667664,22.881944179534912,5.360607147216797,0.7336
58,7QWT,A,7QWT_A,2022-05-28_00000130_1,https://www.cameo3d.org/modeling/targets/6-months/target/2022-05-28/7QWT_A/fasta/,https://www.cameo3d.org/static/data/modeling/2022.05.28/7QWT_A/target.pdb,5/28/22,0,2,44,7qwt [A],373,X-RAY DIFFRACTION,3.712,155.27567177900005,23.048836805999997,0.919,142.11975979804993,5.8229591846466064,321.11500334739685,214.49510407447815,37.880478858947754,4.411341905593872,290.09984493255615,198.5412757396698,25.11591625213623,4.054875373840332,278.1896529197693,218.69635248184204,24.51562261581421,4.335541725158691,269.1430606842041,205.78809094429016,24.479952812194824,4.227915048599243,249.0747835636139,192.4202790260315,24.998541355133057,0.9155
59,7R24,A,7R24_A,2022-05-28_00000134_1,https://www.cameo3d.org/modeling/targets/6-months/target/2022-05-28/7R24_A/fasta/,https://www.cameo3d.org/static/data/modeling/2022.05.28/7R24_A/target.pdb,5/28/22,1,1,53,7r24 [A],397,X-RAY DIFFRACTION,2.7,185.780680755,19.99123634,0.49,135.05475115776062,3.9470794200897217,346.91673016548157,241.18350768089294,47.03231143951416,2.1999130249023438,307.3664164543152,210.10449647903442,28.12658977508545,1.8547720909118652,290.16933155059814,227.17555117607117,19.851919174194336,1.9040346145629883,293.4834153652191,238.89551305770874,20.61671257019043,1.8943893909454346,270.51590609550476,212.72818160057068,20.01536226272583,0.7067
60,7W3R,A,7W3R_A,2022-05-28_00000207_1,https://www.cameo3d.org/modeling/targets/6-months/target/2022-05-28/7W3R_A/fasta/,https://www.cameo3d.org/static/data/modeling/2022.05.28/7W3R_A/target.pdb,5/28/22,0,0,44,7w3r [A],384,X-RAY DIFFRACTION,1.92,178.85391647300003,20.13256907599998,0.9346,204.51461553573608,5.709712982177734,332.69737362861633,240.85776209831238,33.982475996017456,3.9601566791534424,302.29647517204285,214.24833345413208,24.48112463951111,3.642927885055542,292.71322202682495,232.3141164779663,20.161445140838623,3.8293378353118896,292.91727924346924,233.89100766181946,20.792062044143677,3.840169906616211,260.3691511154175,189.46251392364502,21.23647975921631,0.9353
61,7W6B,A,7W6B_A,2022-05-28_00000215_1,https://www.cameo3d.org/modeling/targets/6-months/target/2022-05-28/7W6B_A/fasta/,https://www.cameo3d.org/static/data/modeling/2022.05.28/7W6B_A/target.pdb,5/28/22,1,0,46,7w6b [A],793,X-RAY DIFFRACTION,2.984,865.374254997,39.45802286899993,0.4978,163.2742817401886,8.02320384979248,1056.475576877594,935.9342575073242,61.50078201293945,6.647662401199341,938.2867441177368,841.4644773006439,69.69662189483643,6.366974353790283,959.6065218448639,892.6644237041473,45.540552616119385,6.222351551055908,952.3580720424652,894.3794350624084,44.62864685058594,6.433205842971802,864.6569495201111,799.8073704242706,46.05706977844238,0.4415
62,8CTR,A,8CTR_A,2022-05-28_00000303_1,https://www.cameo3d.org/modeling/targets/6-months/target/2022-05-28/8CTR_A/fasta/,https://www.cameo3d.org/static/data/modeling/2022.05.28/8CTR_A/target.pdb,5/28/22,0,0,46,8ctr [A],304,X-RAY DIFFRACTION,1.65,99.310960679,17.044684533999998,0.9824,189.6211702823639,5.160396337509155,242.25821781158447,151.01827573776245,30.00761365890503,3.9644081592559814,213.82581162452698,127.67923092842102,16.111072063446045,3.5750675201416016,197.0481984615326,140.20647835731506,17.783559560775757,3.8673927783966064,200.60439801216125,147.57056856155396,16.92266535758972,3.7128453254699707,183.72067975997925,128.44362926483154,17.712178230285645,0.9891
63,7EZB,A,7EZB_A,2022-06-04_00000014_1,https://www.cameo3d.org/modeling/targets/6-months/target/2022-06-04/7EZB_A/fasta/,https://www.cameo3d.org/static/data/modeling/2022.06.04/7EZB_A/target.pdb,6/4/22,0,2,53,7ezb [A],182,X-RAY DIFFRACTION,1.5,55.275313348,10.634113581999998,0.954,143.01879215240479,4.070409297943115,160.44235920906067,65.53980374336243,20.725117921829224,2.5913522243499756,148.4571852684021,59.13067603111267,7.9736340045928955,2.328308343887329,122.83897662162781,65.20634174346924,9.482502937316895,2.41774582862854,120.75198340415955,64.89324760437012,8.607397556304932,2.5424373149871826,115.90073156356812,58.20182991027832,8.651242017745972,0.9555
64,7N45,A,7N45_A,2022-06-04_00000027_1,https://www.cameo3d.org/modeling/targets/6-months/target/2022-06-04/7N45_A/fasta/,https://www.cameo3d.org/static/data/modeling/2022.06.04/7N45_A/target.pdb,6/4/22,1,0,54,7n45 [A],138,SOLUTION NMR,0.0,31.47278331399997,9.434449957000027,0.7083,155.3786108493805,3.2892019748687744,143.69190955162048,39.65109133720398,19.763549327850342,1.7506582736968994,133.0924346446991,36.319920778274536,7.3148720264434814,1.4695885181427002,105.4867775440216,41.382452964782715,7.617306232452393,1.6943910121917725,100.9229679107666,38.309494733810425,6.208970546722412,1.6493370532989502,101.26979899406433,35.453264474868774,7.904322385787964,0.721
65,7OPT,A,7OPT_A,2022-06-04_00000043_1,https://www.cameo3d.org/modeling/targets/6-months/target/2022-06-04/7OPT_A/fasta/,https://www.cameo3d.org/static/data/modeling/2022.06.04/7OPT_A/target.pdb,6/4/22,0,0,55,7opt [A],328,X-RAY DIFFRACTION,2.02,123.864416705,16.22994732699999,0.9888,148.95057845115662,7.106503248214722,276.2588469982147,170.00876593589783,30.58223795890808,5.3678505420684814,243.96299004554749,148.63171434402466,16.971633672714233,4.86067008972168,239.82207870483398,179.10815167427063,16.80921220779419,5.156555652618408,227.7621488571167,166.81460452079773,16.894840002059937,5.158437490463257,213.19892764091492,145.67613816261292,20.663063287734985,0.9851
66,7PB9,A,7PB9_A,2022-06-04_00000049_1,https://www.cameo3d.org/modeling/targets/6-months/target/2022-06-04/7PB9_A/fasta/,https://www.cameo3d.org/static/data/modeling/2022.06.04/7PB9_A/target.pdb,6/4/22,1,0,54,7pb9 [A],179,X-RAY DIFFRACTION,1.8,,,0.8642,46.499963998794556,3.400249481201172,163.39378261566162,62.18829679489136,23.36837148666382,1.9183886051177979,151.36743235588074,56.1512987613678,10.616975784301758,1.6587440967559814,121.85370969772339,59.652799129486084,11.63324761390686,1.7382678985595703,120.5050778388977,61.729897260665894,10.489535570144653,1.7681200504302979,118.67713117599487,55.30689239501953,10.452658653259277,0.8815
67,7RE5,B,7RE5_B,2022-06-04_00000074_1,https://www.cameo3d.org/modeling/targets/6-months/target/2022-06-04/7RE5_B/fasta/,https://www.cameo3d.org/static/data/modeling/2022.06.04/7RE5_B/target.pdb,6/4/22,0,2,51,7re5 [B],123,X-RAY DIFFRACTION,2.5,29.47489679699993,9.92500578299996,0.9341,69.48829960823059,3.248746395111084,133.52738904953003,33.420056104660034,18.483224391937256,2.042743444442749,123.2452597618103,30.07961130142212,8.025010585784912,1.8170855045318604,94.00369000434875,34.125306844711304,8.228776216506958,1.931368350982666,93.52156138420105,35.29623484611511,8.813973903656006,1.9850704669952393,93.35465693473816,31.425037145614624,6.347321510314941,0.9545
68,7UW7,A,7UW7_A,2022-06-04_00000125_1,https://www.cameo3d.org/modeling/targets/6-months/target/2022-06-04/7UW7_A/fasta/,https://www.cameo3d.org/static/data/modeling/2022.06.04/7UW7_A/target.pdb,6/4/22,0,0,55,7uw7 [A],80,X-RAY DIFFRACTION,1.17,17.542754040000546,7.828565464999883,0.9792,143.7366921901703,2.971174716949463,109.08741188049316,21.940781593322754,17.60004949569702,1.7590610980987549,102.50865268707275,19.39991545677185,5.276717901229858,1.516014814376831,76.04321908950806,21.089240312576294,4.246814489364624,1.6244406700134277,77.2153263092041,22.51009726524353,5.637118339538574,1.7051191329956055,74.2345199584961,19.030563592910767,5.897902488708496,0.9861
69,7VQW,A,7VQW_A,2022-06-04_00000141_1,https://www.cameo3d.org/modeling/targets/6-months/target/2022-06-04/7VQW_A/fasta/,https://www.cameo3d.org/static/data/modeling/2022.06.04/7VQW_A/target.pdb,6/4/22,0,0,51,7vqw [A],116,X-RAY DIFFRACTION,2.45,25.453504950999957,8.71922336199998,0.9375,53.551451206207275,3.5247132778167725,120.84238076210022,32.69160008430481,18.685753107070923,2.2834272384643555,112.50440168380737,28.90391731262207,8.268814086914062,2.0908281803131104,86.8997790813446,32.28018355369568,6.521535634994507,2.2020559310913086,85.8158130645752,30.82212805747986,6.9757349491119385,2.2680490016937256,83.21527981758118,27.11067295074463,7.009187936782837,0.9397
70,7VRS,A,7VRS_A,2022-06-04_00000144_1,https://www.cameo3d.org/modeling/targets/6-months/target/2022-06-04/7VRS_A/fasta/,https://www.cameo3d.org/static/data/modeling/2022.06.04/7VRS_A/target.pdb,6/4/22,0,1,53,7vrs [A],466,X-RAY DIFFRACTION,2.6,,,0.9212,179.61177945137024,9.188384771347046,449.67134165763855,327.47875690460205,59.39698934555054,7.194364309310913,393.1915123462677,289.02319836616516,26.026052713394165,6.715334892272949,383.2685670852661,319.93311953544617,28.00364327430725,6.827996730804443,384.69295263290405,312.3859796524048,24.967763662338257,6.601495981216431,347.9703526496887,278.18324995040894,27.491816759109497,0.906
71,7VTY,A,7VTY_A,2022-06-04_00000148_1,https://www.cameo3d.org/modeling/targets/6-months/target/2022-06-04/7VTY_A/fasta/,https://www.cameo3d.org/static/data/modeling/2022.06.04/7VTY_A/target.pdb,6/4/22,0,0,53,7vty [A],90,X-RAY DIFFRACTION,2.5,,,0.975,148.49912405014038,2.962477684020996,135.32350897789001,25.952542304992676,18.69322896003723,1.716651439666748,124.01953601837158,22.993574857711792,4.524258613586426,1.5487265586853027,96.12092113494873,26.559197902679443,4.5444655418396,1.5734212398529053,91.89225172996521,25.74528217315674,4.542753458023071,1.6398508548736572,91.20813608169556,21.948398113250732,6.879297733306885,0.9778
72,7VU4,A,7VU4_A,2022-06-04_00000149_1,https://www.cameo3d.org/modeling/targets/6-months/target/2022-06-04/7VU4_A/fasta/,https://www.cameo3d.org/static/data/modeling/2022.06.04/7VU4_A/target.pdb,6/4/22,0,0,52,7vu4 [A],121,X-RAY DIFFRACTION,1.7,26.942528897999978,10.073049908999963,0.9188,116.81549286842346,3.935192108154297,141.74748420715332,35.107637882232666,19.59697699546814,2.7140543460845947,131.26989674568176,32.557910680770874,7.7162628173828125,2.469562530517578,100.87365651130676,36.47914481163025,6.6670167446136475,4.010892868041992,96.41245865821838,35.39523768424988,8.451869010925293,2.66709566116333,98.44599843025208,31.50753951072693,6.955682039260864,0.9316
73,8CSO,C,8CSO_C,2022-06-04_00000181_1,https://www.cameo3d.org/modeling/targets/6-months/target/2022-06-04/8CSO_C/fasta/,https://www.cameo3d.org/static/data/modeling/2022.06.04/8CSO_C/target.pdb,6/4/22,0,2,54,8cso [C],236,X-RAY DIFFRACTION,2.6,72.41101784900002,13.921971312999972,0.9015,160.2413203716278,5.3417699337005615,190.56124687194824,92.04725694656372,25.22821879386902,3.8598692417144775,171.37398171424866,81.26249194145203,12.360589504241943,3.7692925930023193,153.89597582817078,94.78215909004211,11.55996322631836,3.820618152618408,152.75481581687927,95.2708113193512,12.995181322097778,3.792738914489746,145.76729917526245,84.40018391609192,13.476378440856934,0.9232
74,7F15,B,7F15_B,2022-06-11_00000025_2,https://www.cameo3d.org/modeling/targets/6-months/target/2022-06-11/7F15_B/fasta/,https://www.cameo3d.org/static/data/modeling/2022.06.11/7F15_B/target.pdb,6/11/22,0,1,50,7f15 [B],253,X-RAY DIFFRACTION,2.65,79.24298907299993,14.28237319599998,0.9792,131.17175936698914,5.369774580001831,214.89610052108765,105.92263793945312,25.90013289451599,4.135567903518677,192.19597554206848,94.13402390480042,13.976439714431763,3.879520893096924,169.72329425811768,104.40143060684204,12.489644527435303,3.9604790210723877,166.50654864311218,104.19227910041809,12.645376205444336,3.944049119949341,159.11416578292847,92.38164067268372,13.155673503875732,0.9781
75,7F4L,D,7F4L_D,2022-06-11_00000035_2,https://www.cameo3d.org/modeling/targets/6-months/target/2022-06-11/7F4L_D/fasta/,https://www.cameo3d.org/static/data/modeling/2022.06.11/7F4L_D/target.pdb,6/11/22,1,1,53,7f4l [D],247,X-RAY DIFFRACTION,2.72,74.04909400100001,14.262752296999963,0.7373,128.11238813400269,4.713726758956909,214.7439877986908,102.85867691040039,25.623480081558228,3.857579469680786,192.3406639099121,91.87867569923401,12.775678157806396,2.9236512184143066,167.68907141685486,101.01504898071289,12.719345569610596,2.9954452514648438,162.23406267166138,100.97975397109985,13.10846495628357,3.0309596061706543,156.5033781528473,89.79100584983826,12.794414758682251,0.7407
76,7MNY,D,7MNY_D,2022-06-11_00000072_2,https://www.cameo3d.org/modeling/targets/6-months/target/2022-06-11/7MNY_D/fasta/,https://www.cameo3d.org/static/data/modeling/2022.06.11/7MNY_D/target.pdb,6/11/22,0,1,55,7mny [D],141,X-RAY DIFFRACTION,2.7,33.21259322499998,9.684027539999988,0.9444,62.9545156955719,4.335161209106445,146.2350561618805,43.04448866844177,19.635278701782227,2.475815773010254,137.60792446136475,39.07675290107727,7.883506536483765,2.196908473968506,107.76852536201477,41.88870573043823,6.629614591598511,2.2605035305023193,103.50577664375305,40.828619718551636,8.12579083442688,2.3886477947235107,103.03208208084106,36.88029623031616,8.458231210708618,0.9611
77,7X0F,C,7X0F_C,2022-06-11_00000205_1,https://www.cameo3d.org/modeling/targets/6-months/target/2022-06-11/7X0F_C/fasta/,https://www.cameo3d.org/static/data/modeling/2022.06.11/7X0F_C/target.pdb,6/11/22,1,0,55,7x0f [C],523,X-RAY DIFFRACTION,2.2,337.55377335799994,29.585750286999996,0.9176,218.29751110076904,10.160365104675293,525.1116700172424,414.1295397281647,44.27777361869812,7.53204870223999,461.7830080986023,365.2185068130493,32.474260330200195,7.352920770645142,459.89371609687805,396.85030364990234,31.38018012046814,7.339501857757568,457.171249628067,398.80058789253235,31.7436420917511,7.139537811279297,411.55232071876526,347.0522482395172,29.088666915893555,0.9105
78,7XIF,D,7XIF_D,2022-06-11_00000212_1,https://www.cameo3d.org/modeling/targets/6-months/target/2022-06-11/7XIF_D/fasta/,https://www.cameo3d.org/static/data/modeling/2022.06.11/7XIF_D/target.pdb,6/11/22,0,2,55,7xif [D],309,X-RAY DIFFRACTION,2.14,105.72665952799991,20.010428313000034,0.9783,153.48386359214783,6.335163354873657,260.84046721458435,155.82145714759827,30.37786078453064,4.890534162521362,234.69299244880676,138.48107361793518,18.478304624557495,4.703379154205322,216.52947807312012,152.56187200546265,18.819348096847534,4.760223865509033,207.06150150299072,145.07884669303894,17.157266855239868,4.71398663520813,199.38669872283936,134.5264344215393,17.2170193195343,0.9731
79,7F5K,A,7F5K_A,2022-06-18_00000029_1,https://www.cameo3d.org/modeling/targets/6-months/target/2022-06-18/7F5K_A/fasta/,https://www.cameo3d.org/static/data/modeling/2022.06.18/7F5K_A/target.pdb,6/18/22,1,1,77,7f5k [A],200,X-RAY DIFFRACTION,3.00003,53.66915806700001,11.238833693999993,0.737,152.75454688072205,5.17502498626709,173.99031472206116,74.11976838111877,22.694022178649902,3.6494197845458984,158.9566102027893,66.26863288879395,9.540306329727173,3.1242969036102295,135.98695302009583,73.89601635932922,10.157496213912964,3.285165309906006,133.66336798667908,73.8662645816803,9.860319137573242,3.307554244995117,129.1626374721527,66.28732180595398,9.818480968475342,0.737
80,7QQA,A,7QQA_A,2022-06-18_00000125_1,https://www.cameo3d.org/modeling/targets/6-months/target/2022-06-18/7QQA_A/fasta/,https://www.cameo3d.org/static/data/modeling/2022.06.18/7QQA_A/target.pdb,6/18/22,0,2,71,7qqa [A],274,X-RAY DIFFRACTION,1.79,85.61098495100009,13.322586889999911,0.9597,133.2146599292755,5.990551948547363,248.58116960525513,127.92019176483154,25.866836547851562,4.458768129348755,214.8070878982544,111.46540117263794,11.608384609222412,4.227116107940674,195.192387342453,125.51303005218506,13.190894365310669,4.286551475524902,187.3735227584839,125.9504771232605,11.662866592407227,4.137468099594116,171.49127531051636,109.07916641235352,13.51745867729187,0.9597
81,7QVB,B,7QVB_B,2022-06-18_00000126_1,https://www.cameo3d.org/modeling/targets/6-months/target/2022-06-18/7QVB_B/fasta/,https://www.cameo3d.org/static/data/modeling/2022.06.18/7QVB_B/target.pdb,6/18/22,1,2,84,7qvb [B],235,X-RAY DIFFRACTION,2.5,66.953578451,12.198940873000026,0.5307,171.17089891433716,3.5444812774658203,206.89606165885925,91.53491187095642,26.941986083984375,2.255601406097412,191.4933910369873,83.68385100364685,12.387733459472656,2.0233101844787598,164.0709409713745,93.54161477088928,13.147222757339478,2.1205713748931885,159.10808181762695,92.72688937187195,13.464056730270386,2.1882097721099854,154.24586725234985,80.99886178970337,9.839198350906372,0.4901
82,7R0R,A,7R0R_A,2022-06-18_00000128_1,https://www.cameo3d.org/modeling/targets/6-months/target/2022-06-18/7R0R_A/fasta/,https://www.cameo3d.org/static/data/modeling/2022.06.18/7R0R_A/target.pdb,6/18/22,1,0,77,7r0r [A],571,SOLUTION NMR,0.0,392.4031158590001,31.868043445000012,0.8253,148.43566131591797,10.10405445098877,586.8635113239288,474.8366701602936,46.39051532745361,8.669389486312866,517.8019287586212,423.3378417491913,56.48754644393921,8.369673252105713,520.6252617835999,457.1721987724304,46.547455072402954,8.024067163467407,517.7102630138397,458.3336308002472,33.2478187084198,8.437548875808716,468.51337218284607,405.86890983581543,31.51765775680542,0.8065
83,7X77,A,7X77_A,2022-06-18_00000232_1,https://www.cameo3d.org/modeling/targets/6-months/target/2022-06-18/7X77_A/fasta/,https://www.cameo3d.org/static/data/modeling/2022.06.18/7X77_A/target.pdb,6/18/22,1,0,71,7x77 [A],378,X-RAY DIFFRACTION,2.2,170.91270847600003,20.788575475000016,0.9484,142.5481014251709,3.213693618774414,337.0998089313507,222.8971471786499,33.53370523452759,1.8797082901000977,298.8114194869995,197.329030752182,19.58818554878235,1.6770427227020264,282.9979958534241,215.62796998023987,18.646922826766968,1.634798288345337,278.00852608680725,215.34952473640442,20.27471661567688,1.698843240737915,259.7894892692566,190.86710786819458,19.540849208831787,0.9467
84,7ZRO,A,7ZRO_A,2022-06-18_00000269_1,https://www.cameo3d.org/modeling/targets/6-months/target/2022-06-18/7ZRO_A/fasta/,https://www.cameo3d.org/static/data/modeling/2022.06.18/7ZRO_A/target.pdb,6/18/22,2,0,73,7zro [A],40,SOLUTION NMR,0.0,7.8702494809999735,6.894031573999996,0.275,136.05269718170166,2.9788060188293457,107.84921455383301,13.246624946594238,15.750645875930786,2.126160144805908,99.97257995605469,9.7972252368927,2.9888994693756104,1.3336498737335205,75.20691323280334,14.286834955215454,4.038571119308472,1.5098495483398438,72.45768451690674,13.393733263015747,3.1517584323883057,1.5003995895385742,74.5263991355896,10.185586214065552,3.194765090942383,0.2875
85,7PLN,A,7PLN_A,2022-06-25_00000058_1,https://www.cameo3d.org/modeling/targets/6-months/target/2022-06-25/7PLN_A/fasta/,https://www.cameo3d.org/static/data/modeling/2022.06.25/7PLN_A/target.pdb,6/25/22,1,0,76,7pln [A],271,X-RAY DIFFRACTION,3.15,84.689211097,16.871626709999987,0.8295,153.36522245407104,3.1739320755004883,228.94212913513184,125.13217854499817,27.42727828025818,1.7182588577270508,206.40716934204102,111.35601854324341,19.465327262878418,1.5148351192474365,185.24783372879028,123.98316788673401,16.237679958343506,1.537719488143921,183.42341136932373,124.3317699432373,15.259686946868896,1.6361792087554932,172.74930024147034,108.69110751152039,15.377013444900513,0.8182
86,7PP2,A,7PP2_A,2022-06-25_00000059_1,https://www.cameo3d.org/modeling/targets/6-months/target/2022-06-25/7PP2_A/fasta/,https://www.cameo3d.org/static/data/modeling/2022.06.25/7PP2_A/target.pdb,6/25/22,1,1,77,7pp2 [A],606,X-RAY DIFFRACTION,2.69,443.931067869,32.78148348399998,0.7138,131.6676254272461,7.424707651138306,692.325493812561,586.4825689792633,47.36812973022461,6.096692323684692,613.775682926178,524.1162602901459,31.917508125305176,5.641628742218018,619.5058059692383,564.2139101028442,38.059062480926514,5.496590852737427,618.9715397357941,564.1048467159271,41.44037866592407,5.7084455490112305,559.9632525444031,501.30857968330383,36.90438747406006,0.6951
87,7TDV,C,7TDV_C,2022-06-25_00000113_1,https://www.cameo3d.org/modeling/targets/6-months/target/2022-06-25/7TDV_C/fasta/,https://www.cameo3d.org/static/data/modeling/2022.06.25/7TDV_C/target.pdb,6/25/22,0,2,73,7tdv [C],449,X-RAY DIFFRACTION,2.92,,,,208.39695835113525,8.335126638412476,418.9099192619324,301.4365744590759,35.127044916152954,6.919587850570679,368.1941177845001,263.0056211948395,27.852941513061523,6.392770290374756,358.2678134441376,291.9429495334625,26.132586002349854,10.758532524108887,345.6696665287018,287.6161518096924,25.62249231338501,6.82101845741272,329.2230980396271,254.45489239692688,26.03311324119568,0.9526
88,7OPK,A,7OPK_A,2022-07-02_00000184_1,https://www.cameo3d.org/modeling/targets/6-months/target/2022-07-02/7OPK_A/fasta/,https://www.cameo3d.org/static/data/modeling/2022.07.02/7OPK_A/target.pdb,7/2/22,0,0,66,7opk [A],883,X-RAY DIFFRACTION,3.0,1014.6921227820001,70.85234546200013,0.9572,176.68248510360718,16.497376441955566,1259.479986190796,1154.036639213562,89.77346754074097,14.334388971328735,1152.3397521972656,1046.1695125102997,114.42262411117554,13.997383117675781,1155.1379842758179,1104.872027873993,82.9477698802948,13.95451807975769,1149.9783067703247,1083.7848525047302,84.97749781608582,13.948708295822144,1049.2408933639526,969.5049350261688,92.3623878955841,0.9538
89,7R9B,A,7R9B_A,2022-07-02_00000229_1,https://www.cameo3d.org/modeling/targets/6-months/target/2022-07-02/7R9B_A/fasta/,https://www.cameo3d.org/static/data/modeling/2022.07.02/7R9B_A/target.pdb,7/2/22,0,2,74,7r9b [A],223,X-RAY DIFFRACTION,2.2,62.85955610899998,12.417429400000003,0.9776,134.42246842384338,5.638819456100464,200.85921692848206,86.08093285560608,24.23523187637329,4.1478800773620605,178.70484113693237,76.88531422615051,12.336092472076416,3.6381287574768066,155.08176612854004,85.54785919189453,11.640335321426392,3.9505062103271484,151.9756999015808,84.62668037414551,12.138388633728027,3.9200279712677,147.75241422653198,75.30162310600281,12.172422409057617,0.9809
90,7RBP,A,7RBP_A,2022-07-02_00000232_1,https://www.cameo3d.org/modeling/targets/6-months/target/2022-07-02/7RBP_A/fasta/,https://www.cameo3d.org/static/data/modeling/2022.07.02/7RBP_A/target.pdb,7/2/22,1,2,74,7rbp [A],336,X-RAY DIFFRACTION,2.1,133.44496548900003,17.196168759999978,0.8473,141.31996250152588,6.691120862960815,273.91125559806824,180.31820154190063,29.721266746520996,5.095389366149902,247.8227994441986,159.53975796699524,17.881388425827026,4.785832405090332,234.7079439163208,175.9242913722992,16.346352577209473,4.977997064590454,229.50383758544922,169.48640131950378,16.08467173576355,5.003795623779297,212.39801144599915,154.2242248058319,16.915585041046143,0.8594
91,8CWU,B,8CWU_B,2022-07-02_00000368_2,https://www.cameo3d.org/modeling/targets/6-months/target/2022-07-02/8CWU_B/fasta/,https://www.cameo3d.org/static/data/modeling/2022.07.02/8CWU_B/target.pdb,7/2/22,0,1,70,8cwu [B],151,X-RAY DIFFRACTION,1.71,37.28796835199995,10.964751675000002,0.8624,57.90020823478699,4.428269863128662,157.2404646873474,45.93277835845947,20.93494701385498,3.1208789348602295,143.88026332855225,41.16916608810425,7.513761758804321,2.8779659271240234,114.58156251907349,45.83393955230713,8.955783128738403,3.023529052734375,110.81298327445984,45.061683654785156,9.099703788757324,3.1778900623321533,110.2727415561676,40.69162464141846,9.178984880447388,0.8837
